system,r,dt,final_time_fidelity,minimum_fidelity,mean_fidelity,single_step_1q_count,single_step_2q_count,single_step_depth,synthesis_model,total_1q_count,total_2q_count,total_gate_count,estimated_total_depth
harmonic_oscillator,20,0.3141592653589793,0.9971577784878082,0.9962593121595978,0.9987411648026476,213,264,354,Qiskit_transpiled_DiagonalGate_plus_QFTGate,4260,5280,9540,7080
harmonic_oscillator,40,0.1570796326794896,0.9998215326790196,0.9997667590347764,0.999921900426198,213,264,354,Qiskit_transpiled_DiagonalGate_plus_QFTGate,8520,10560,19080,14160
harmonic_oscillator,60,0.1047197551196597,0.9999647218588056,0.999953960126296,0.9999846040554616,213,264,354,Qiskit_transpiled_DiagonalGate_plus_QFTGate,12780,15840,28620,21240
harmonic_oscillator,80,0.0785398163397448,0.9999888318147032,0.9999854342893651,0.9999951312529932,213,264,354,Qiskit_transpiled_DiagonalGate_plus_QFTGate,17040,21120,38160,28320
harmonic_oscillator,100,0.0628318530717958,0.9999954217164364,0.9999940323764112,0.999998005035128,213,264,354,Qiskit_transpiled_DiagonalGate_plus_QFTGate,21300,26400,47700,35400
