system,r,dt,final_time_fidelity,minimum_fidelity,mean_fidelity
harmonic_oscillator,50,0.12566370614359174,0.9999268676568746,0.9999045088163812,0.9999680514988192
harmonic_oscillator,100,0.06283185307179587,0.9999954217164365,0.9999940323764113,0.9999980050351279
harmonic_oscillator,150,0.041887902047863905,0.9999990909207436,0.9999988181720497,0.9999996037402495
harmonic_oscillator,200,0.031415926535897934,0.9999997083729724,0.9999996233162833,0.9999998725675772
harmonic_oscillator,250,0.025132741228718346,0.999999877104297,0.9999998433605201,0.9999999460058371
harmonic_oscillator,300,0.020943951023931952,0.9999999377102337,0.9999999223860905,0.9999999723793243
harmonic_oscillator,400,0.015707963267948967,0.9999999762975226,0.9999999726824973,0.9999999891693192
