system,r,dt,final_time_fidelity,minimum_fidelity,mean_fidelity,single_step_1q_count,single_step_2q_count,single_step_depth,synthesis_model,total_1q_count,total_2q_count,total_gate_count,estimated_total_depth
harmonic_oscillator,50,0.1256637061435917,0.9999268676568746,0.9999045088163812,0.9999680514988192,171,264,312,Qiskit_exact_generic_DiagonalGate_small_N_upper_bound,8550,13200,21750,15600
harmonic_oscillator,100,0.0628318530717958,0.9999954217164364,0.9999940323764112,0.999998005035128,171,264,312,Qiskit_exact_generic_DiagonalGate_small_N_upper_bound,17100,26400,43500,31200
harmonic_oscillator,150,0.0418879020478639,0.9999990909207436,0.9999988181720496,0.9999996037402497,171,264,312,Qiskit_exact_generic_DiagonalGate_small_N_upper_bound,25650,39600,65250,46800
harmonic_oscillator,200,0.0314159265358979,0.9999997083729724,0.9999996233162832,0.9999998725675772,171,264,312,Qiskit_exact_generic_DiagonalGate_small_N_upper_bound,34200,52800,87000,62400
harmonic_oscillator,250,0.0251327412287183,0.999999877104297,0.99999984336052,0.9999999460058372,171,264,312,Qiskit_exact_generic_DiagonalGate_small_N_upper_bound,42750,66000,108750,78000
harmonic_oscillator,300,0.0209439510239319,0.9999999377102337,0.9999999223860904,0.9999999723793244,171,264,312,Qiskit_exact_generic_DiagonalGate_small_N_upper_bound,51300,79200,130500,93600
harmonic_oscillator,400,0.0157079632679489,0.9999999762975226,0.9999999726824972,0.9999999891693192,171,264,312,Qiskit_exact_generic_DiagonalGate_small_N_upper_bound,68400,105600,174000,124800
