system,N,n_qubits,dx,final_time_fidelity,minimum_fidelity,max_edge_probability
harmonic_oscillator,32,5,0.5,0.9999450608596733,0.9999447728437034,7.570419223396153e-05
harmonic_oscillator,64,6,0.25,0.9999997083729724,0.9999996233162833,5.084141624957183e-07
harmonic_oscillator,128,7,0.125,0.9999997083932258,0.9999996234345873,2.5388324897689375e-08
