system,r,dt,final_time_fidelity,minimum_fidelity,mean_fidelity
infinite_well,20,0.3,0.9999999999955058,0.9999999999955058,0.9999999999955087
infinite_well,40,0.15,0.9999999999954978,0.9999999999954978,0.9999999999955053
infinite_well,60,0.1,0.999999999995488,0.999999999995488,0.9999999999955
infinite_well,80,0.075,0.999999999995481,0.999999999995481,0.9999999999954966
infinite_well,100,0.06,0.9999999999954776,0.9999999999954776,0.999999999995495
