system,r,dt,final_time_fidelity,minimum_fidelity,mean_fidelity,single_step_1q_count,single_step_2q_count,single_step_depth,synthesis_model,total_1q_count,total_2q_count,total_gate_count,estimated_total_depth
infinite_well,100,0.06,0.9999999999954776,0.9999999999954776,0.999999999995495,235,142,188,analytical_all_to_all_QST_via_QFT_extension_estimate,23500,14200,37700,18800
infinite_well,200,0.03,0.9999999999954392,0.9999999999954392,0.9999999999954754,235,142,188,analytical_all_to_all_QST_via_QFT_extension_estimate,47000,28400,75400,37600
infinite_well,300,0.02,0.9999999999954056,0.9999999999954056,0.999999999995459,235,142,188,analytical_all_to_all_QST_via_QFT_extension_estimate,70500,42600,113100,56400
infinite_well,400,0.015,0.9999999999953592,0.9999999999953592,0.9999999999954358,235,142,188,analytical_all_to_all_QST_via_QFT_extension_estimate,94000,56800,150800,75200
infinite_well,500,0.012,0.9999999999953118,0.9999999999953118,0.999999999995412,235,142,188,analytical_all_to_all_QST_via_QFT_extension_estimate,117500,71000,188500,94000
infinite_well,600,0.01,0.9999999999952912,0.9999999999952912,0.9999999999954012,235,142,188,analytical_all_to_all_QST_via_QFT_extension_estimate,141000,85200,226200,112800
infinite_well,700,0.0085714285714285,0.9999999999952764,0.9999999999952764,0.9999999999953944,235,142,188,analytical_all_to_all_QST_via_QFT_extension_estimate,164500,99400,263900,131600
