system,N,n_qubits,dx,final_time_fidelity,minimum_fidelity
infinite_well,32,5,0.3125,0.9999999999952813,0.9999999999952813
infinite_well,64,6,0.15625,0.9999999999952764,0.9999999999952764
infinite_well,128,7,0.078125,0.9999999999955138,0.9999999999955125
